species,NODC,dup_species
Chrysophyta,400000000,FALSE
Chlorophyta,800000000,FALSE
Chlorophyceae,801000000,FALSE
Phaeophyta,1500000000,FALSE
Phaeophyta,1501000000,TRUE
Dictyotales,1507000000,FALSE
Dictyotaceae,1507010000,FALSE
Taonia,1507010500,FALSE
Phaeophyceae fucales,1510000000,FALSE
Fucaceae,1510010000,FALSE
Ascophyllum,1510010100,FALSE
Ascophyllum nodosum,1510010102,FALSE
RHODOPHYCEAE,1601000000,FALSE
ANGIOSPERMAE,3200000000,FALSE
Foraminifera,3448000000,FALSE
Porifera,3600000000,FALSE
Calcarea,3601000000,FALSE
Hyalospongia,3630000000,FALSE
Demospongia,3660000000,FALSE
Cnidaria,3700000000,FALSE
Hydrozoa,3701000000,FALSE
Anthomedusa,3703000000,FALSE
TUBULARIIDAE,3703030000,FALSE
OBELIA,3704010200,FALSE
Siphonophora,3715000000,FALSE
Physophorina,3717000000,FALSE
Physophoridae,3717020000,FALSE
Physophora,3717020100,FALSE
Physophora hydrost.**,3717020101,FALSE
Scyphozoa,3730000000,FALSE
Cyanaea,3734020100,FALSE
Anthozoa,3740000000,FALSE
CERIANTHARIA,3743000000,FALSE
Octocorallia,3744000000,FALSE
Alcyonacea,3747000000,FALSE
Xeniidae,3747010000,FALSE
Alcyoniidae,3747020000,FALSE
Astrospiculariidae,3747030000,FALSE
Nephtheidae,3747040000,FALSE
Siphonogorgiidae,3747050000,FALSE
Thenaria,3760000000,FALSE
Actiniidae,3760010000,FALSE
Sagartiidae,3760050000,FALSE
Metridiidae  (anthozoa),3760060000,FALSE
Metridium,3760060100,FALSE
Diadumenidae,3760080000,FALSE
Haliplanellidae,3760100000,FALSE
Aiptasiidae,3760120000,FALSE
Ctenophora,3800000000,FALSE
Tentaculata cydippida,3802000000,FALSE
Pleurobrachiidae,3802010000,FALSE
Pleurobrachia,3802010100,FALSE
Pleurobrachia pileus,3802010101,FALSE
Mertensiidae,3802020000,FALSE
Turbellaria,3901000000,FALSE
Cestoda,3930000000,FALSE
Rhynchocoela,4300000000,FALSE
Paleonemertea,4302000000,FALSE
Tubulanidae,4302010000,FALSE
Carinomidae,4302020000,FALSE
Cephalothricidae,4302030000,FALSE
Bdellonemertea,4308000000,FALSE
Malacobdellidae,4308010000,FALSE
Malacobdella,4308010100,FALSE
Malacobdella grossa,4308010101,FALSE
Nematoda,4700000000,FALSE
Annelida,5000000000,FALSE
Polychaeta,5001000000,FALSE
Aphroditidae,5001010000,FALSE
Aphrodite,5001010100,FALSE
Aphrodite aculeata,5001010105,FALSE
Polynoidae,5001020000,FALSE
Harmothoe,5001020800,FALSE
Harmothoe impar,5001020807,FALSE
Harmothoe lunulata,5001020810,FALSE
Harmothoe longisetis,5001020816,FALSE
Lepidonotus,5001021000,FALSE
Lepidonotus clava,5001021106,FALSE
Polynoe,5001021500,FALSE
Polynoe scolopendrina,5001021506,FALSE
Hermione,5001022000,FALSE
Hermione hystrix,5001022501,FALSE
Sigalionidae,5001060000,FALSE
Pholoe,5001060100,FALSE
Pholoe minuta,5001060101,FALSE
Leanira,5001060500,FALSE
Leanira tetragona,5001060502,FALSE
Amphinomidae,5001100000,FALSE
Phyllodocidae,5001130000,FALSE
Anaitides,5001130100,FALSE
Anaitides maculata,5001130106,FALSE
Anaitides longipes,5001130112,FALSE
Eteone,5001130200,FALSE
Nereiphylla,5001131000,FALSE
Nereiphylla paretti,5001131002,FALSE
Nereiphylla,5001131112,TRUE
Phyllodoce,5001131400,FALSE
Phyllodoce lamelligera,5001131408,FALSE
Tomopteridae,5001200000,FALSE
Tomopteris,5001200100,FALSE
Tomopteris helgolandica,5001200105,FALSE
Hesionidae,5001210000,FALSE
Syllidae,5001230000,FALSE
Autolytus,5001230100,FALSE
Autolytus pictus,5001230111,FALSE
Syllis,5001230300,FALSE
Syllis prolifera,5001230307,FALSE
Nereidae,5001240000,FALSE
Nereis,5001240400,FALSE
Nereis pelagica,5001240403,FALSE
Nereis succinea,5001240410,FALSE
Nereis diversicolor,5001240411,FALSE
Nereis virens,5001240412,FALSE
Nereis fucata,5001240414,FALSE
Perinereis,5001241000,FALSE
Perinereis cultrifera,5001241101,FALSE
Nephtyidae,5001250000,FALSE
Nephtys,5001250100,FALSE
Nephtys ciliata,5001250102,FALSE
Nephtys hombergii,5001250103,FALSE
Nephtys paradoxa,5001250110,FALSE
Nephtys caeca,5001250112,FALSE
Sphaerodiridae,5001260000,FALSE
Sphaerodorum,5001260100,FALSE
Sphaerodorum flavum,5001260105,FALSE
Glyceridae,5001270000,FALSE
Glycera,5001270100,FALSE
Glycera capitata,5001270101,FALSE
Glycera convoluta,5001270107,FALSE
Goniadidae,5001280000,FALSE
Glycinde,5001280100,FALSE
Glycinde nordmanni,5001280106,FALSE
Goniada,5001280200,FALSE
Goniada maculata,5001280202,FALSE
Goniada pallida,5001280209,FALSE
Onuphidae,5001290000,FALSE
Onuphis,5001290100,FALSE
Onuphis conchylega,5001290101,FALSE
Eunicidae,5001300000,FALSE
Eunice,5001300100,FALSE
Eunice pennata,5001300105,FALSE
Eunice harassii,5001300107,FALSE
Lumbrineridae,5001310000,FALSE
Lumbrineris,5001310100,FALSE
Lumbrineris fragilis,5001310102,FALSE
Orbiniidae,5001400000,FALSE
Scoloplos,5001400300,FALSE
Scoloplos armiger,5001400301,FALSE
Orbinia,5001400500,FALSE
Orbinia latreilli,5001400504,FALSE
Orbinia norvegica,5001400509,FALSE
Paraonidae,5001410000,FALSE
Paraonis,5001410300,FALSE
Paraonis fulgens,5001410302,FALSE
Spionidae,5001430000,FALSE
Polydora,5001430400,FALSE
Polydora ciliata,5001430405,FALSE
Magelonidae,5001440000,FALSE
Magelona,5001440200,FALSE
Magelona papillicornis,5001440206,FALSE
Poecilochaetidae,5001460000,FALSE
Chaetopteridae,5001490000,FALSE
Chaetopterus,5001490100,FALSE
Chaetopterus variopedatus,5001490101,FALSE
Cirratulidae,5001500000,FALSE
Cirratulus,5001500100,FALSE
Cirratulus cirratus,5001500105,FALSE
Cossuridae,5001520000,FALSE
Cossura,5001520100,FALSE
Cossura longocirrata,5001520101,FALSE
Flabelligeridae,5001540000,FALSE
Flabelligera,5001540200,FALSE
Flabelligera affinis,5001540202,FALSE
Pherusa,5001540300,FALSE
Pherusa plumosa,5001540302,FALSE
Diplocirrus,5001540400,FALSE
Diplocirrus glaucus,5001540403,FALSE
Scalibregma inflatum,5001570101,FALSE
Opheliidae,5001580000,FALSE
Ophelia,5001580300,FALSE
Ophelia limacina,5001580301,FALSE
Ophelia bicornis,5001580303,FALSE
Ophelia acuminata,5001580306,FALSE
Ophelina,5001580600,FALSE
Sternaspidae,5001590000,FALSE
Sternaspis,5001590100,FALSE
Sternaspis scutata,5001590101,FALSE
Capitellidae,5001600000,FALSE
Capitella,5001600100,FALSE
Capitella capitata,5001600101,FALSE
Heteromastus,5001600200,FALSE
Heteromastus filiformis,5001600201,FALSE
Notomastus,5001600300,FALSE
Notomastus latericeus,5001600306,FALSE
Arenicolidae,5001620000,FALSE
Arenicola,5001620200,FALSE
Arenicola marina,5001620203,FALSE
Maldanidae,5001630000,FALSE
Maldane,5001630300,FALSE
Maldane sarsi,5001630301,FALSE
Nicomache,5001630500,FALSE
Nicomache lumbricalis,5001630501,FALSE
Owenidae,5001640000,FALSE
Owenia,5001640100,FALSE
Owenia fusiformis,5001640102,FALSE
Myriochele,5001640200,FALSE
Sabellariidae,5001650000,FALSE
Sabellaria,5001650200,FALSE
Sabellaria alveolata,5001650204,FALSE
Pectinariidae,5001660000,FALSE
Pectinaria,5001660300,FALSE
Pectinaria koreni,5001660304,FALSE
Ampharetidae,5001670000,FALSE
Amphicteis,5001670300,FALSE
Amphicteis gunneri,5001670303,FALSE
Pectinaria,5001671700,TRUE
Pectinaria koreni,5001671701,TRUE
Terebellidae,5001680000,FALSE
Amphitrite,5001680100,FALSE
Amphitrite johnstoni,5001680104,FALSE
Amphitrite gracilis,5001680105,FALSE
Eupolymnia,5001680200,FALSE
Eupolymnia nebulosa,5001680205,FALSE
Lanice,5001682000,FALSE
Lanice conchilega,5001682701,FALSE
Trichobranchidae,5001690000,FALSE
Terebellides,5001690100,FALSE
Terebellides stroemii,5001690101,FALSE
Sabellidae,5001700000,FALSE
Serpulidae,5001730000,FALSE
Spirorbis,5001730500,FALSE
Mercierella,5001731000,FALSE
Mercierella enigmatica,5001731001,FALSE
Protula tubularia,5001731101,FALSE
Hirudinea,5012000000,FALSE
Mollusca,5085000000,FALSE
Gastropoda,5100000000,FALSE
Archaeogastropoda,5102000000,FALSE
Fissurellidae,5102040000,FALSE
Diodora,5102040400,FALSE
Diodora apertura,5102040404,FALSE
Acmaeidae,5102050000,FALSE
Acmaea,5102050100,FALSE
Acmaea virginea,5102050109,FALSE
Patellidae,5102060000,FALSE
Patella,5102060100,FALSE
Patella vulgata,5102060101,FALSE
Patella depressa,5102060102,FALSE
Patella athletica,5102060103,FALSE
Helcion,5102060200,FALSE
Helcion pellucidum,5102060201,FALSE
Trochidae,5102100000,FALSE
Calliostoma,5102100100,FALSE
Calliostoma zizyphinum,5102100105,FALSE
Cantharidus,5102100800,FALSE
Cantharidus exasperatus,5102100801,FALSE
Cantharidas striatus,5102100802,FALSE
Gibbula,5102100900,FALSE
Gibbula magus,5102100901,FALSE
Gibbula pennanti,5102100902,FALSE
Gibbula tumida,5102100903,FALSE
Gibbula cineraria,5102100904,FALSE
Gibbula umbilicalis,5102100905,FALSE
Turbinidae,5102120000,FALSE
Phasianella,5102120300,FALSE
Phasianella pullus,5102120301,FALSE
Mesogastropoda,5103000000,FALSE
Lacunidae,5103090000,FALSE
Lacuna,5103090300,FALSE
Lacuna crassior,5103090303,FALSE
Lacuna vincta,5103090305,FALSE
Lacuna parva,5103090306,FALSE
Lacuna pallidula,5103090307,FALSE
Littorinidae,5103100000,FALSE
Littorina,5103100100,FALSE
Littorina saxatilis,5103100105,FALSE
Littorina littorea,5103100108,FALSE
Littorina obtusata,5103100109,FALSE
Littorina,5103100110,TRUE
Littorina neritoides,5103100111,FALSE
Hydrobiidae,5103130000,FALSE
Hydrobia,5103130100,FALSE
Hydrobia stagnorum,5103130103,FALSE
Hydrobia ulvae,5103130104,FALSE
Truncatellidae,5103140000,FALSE
Truncatella,5103140200,FALSE
Truncatella subcylindrica,5103140201,FALSE
Rissoidae,5103200000,FALSE
Alvinia,5103200100,FALSE
Alvinia lactea,5103200117,FALSE
Alvinia punctura,5103200118,FALSE
Cingula,5103200300,FALSE
Cingula pulcherrima,5103200309,FALSE
Cingula semicostata,5103200310,FALSE
Cingula semistriata,5103200311,FALSE
Cingula cingillus,5103200312,FALSE
Bareeia,5103200400,FALSE
Bareeia unifasciata,5103200403,FALSE
Rissoa,5103200700,FALSE
Rissoa inconspicua,5103200701,FALSE
Rissoa parva,5103200702,FALSE
Rissoa guerini,5103200703,FALSE
Rissoa membranacea,5103200704,FALSE
Pseudosetia,5103200800,FALSE
Pseudosetia fulgida,5103200801,FALSE
Assimineidae,5103210000,FALSE
Assiminea,5103210100,FALSE
Assiminea grayana,5103210101,FALSE
Skeneopsidae,5103240000,FALSE
Skeneopsis,5103240100,FALSE
Skeneopsis planorbis,5103240102,FALSE
Omalogyridae,5103250000,FALSE
Ammonicera,5103250100,FALSE
Ammonicera rota,5103250101,FALSE
Rissoellidae,5103270000,FALSE
Rissoella,5103270100,FALSE
Rissoella diaphana,5103270101,FALSE
Turritellidae,5103330000,FALSE
Turritella,5103330400,FALSE
Turritella communis,5103330401,FALSE
Caecidae,5103360000,FALSE
Caecum,5103360300,FALSE
Caecum glabrum,5103360302,FALSE
Cerithiidae,5103460000,FALSE
Bittium,5103460100,FALSE
Bittium reticulatum,5103460105,FALSE
Epitoniidae,5103500000,FALSE
Epitonium,5103500100,FALSE
Epitonium clathrus,5103500112,FALSE
Epitonium turtonis,5103500113,FALSE
Epitonium clathratus,5103500114,FALSE
Aclididae,5103520000,FALSE
Graphis,5103520200,FALSE
Graphis albida,5103520201,FALSE
Eulimidae,5103530000,FALSE
Melanella,5103530100,FALSE
Melanella conoidea,5103530107,FALSE
Eulima,5103530300,FALSE
Bacis,5103530400,FALSE
Bacis alba,5103530401,FALSE
Aporrhaidae,5103570000,FALSE
Aporrhais,5103570100,FALSE
Aporrhais pespelicani,5103570102,FALSE
Capulidae,5103630000,FALSE
Capulus,5103630100,FALSE
Capulus ungaricus,5103630101,FALSE
Calyptraeidae,5103640000,FALSE
Calyptraea,5103640100,FALSE
Calyptraea chinensis,5103640102,FALSE
Crepidula,5103640200,FALSE
Crepidula fornicata,5103640204,FALSE
Lamellariidae,5103660000,FALSE
Lamellaria,5103660100,FALSE
Lamellaria perspicua,5103660102,FALSE
Lamellaria lateus,5103660103,FALSE
Velutina,5103660400,FALSE
Velutina velutina,5103660401,FALSE
Cypraeidae,5103710000,FALSE
Trivia,5103710100,FALSE
Trivia monacha,5103710101,FALSE
Trivia arctica,5103710102,FALSE
Naticidae,5103760000,FALSE
Natica,5103760200,FALSE
Natica alderi,5103760206,FALSE
Natica catena,5103760207,FALSE
Polinices,5103760400,FALSE
Polinices catena,5103760411,FALSE
Polinices polianus,5103760412,FALSE
Tornidae,5103820000,FALSE
Tornus,5103820100,FALSE
Tornus grayana,5103820101,FALSE
Stenoglossa,5105000000,FALSE
Muricidae,5105010000,FALSE
Ocenebra,5105010200,FALSE
Ocenebra erinaceus,5105010207,FALSE
Thais,5105010800,FALSE
Thais lapillus,5105010802,FALSE
Trophon,5105011000,FALSE
Trophon muricatus,5105011001,FALSE
Buccinidae,5105040000,FALSE
Buccinum,5105040100,FALSE
Buccinum undatum,5105040145,FALSE
Chauvetia,5105040400,FALSE
Chauvetia brunnea,5105040401,FALSE
Neptuneidae,5105050000,FALSE
Colus,5105050300,FALSE
Colus gracilis,5105050332,FALSE
Neptunea,5105050800,FALSE
Neptunea antiqua,5105050812,FALSE
Nassariidae,5105080000,FALSE
Nassarius,5105080100,FALSE
Nassarius reticulatus,5105080105,FALSE
Nassarius incrassatus,5105080106,FALSE
Nassarius pygmaeus,5105080107,FALSE
Toxoglossa,5106000000,FALSE
Turridae,5106020000,FALSE
Lora,5106020700,FALSE
Lora turricula,5106020731,FALSE
Entomotaeniata,5108000000,FALSE
Pyramidellidae,5108010000,FALSE
Odostomia,5108010100,FALSE
Odostomia nivosa,5108010135,FALSE
Odostomia truncatula,5108010136,FALSE
Odostomia plicata,5108010137,FALSE
Odostomia unidentata,5108010138,FALSE
Turbonilla,5108010200,FALSE
Turbonilla elegantissima,5108010212,FALSE
Turbonilla rufa,5108010296,FALSE
Chrysallida,5108010400,FALSE
Chrysallida obtusa,5108010401,FALSE
Chrysallida decussata,5108010402,FALSE
Chrysallida spiralis,5108010403,FALSE
Branchystomia,5108010500,FALSE
Branchystomia scalaris,5108010501,FALSE
Branchystomia albella,5108010502,FALSE
Eulimella,5108010600,FALSE
Eulimella nitidissima,5108010601,FALSE
Cephalaspidea,5110000000,FALSE
Acteonidae,5110010000,FALSE
Acteon,5110010100,FALSE
Acteon tornatilis,5110010102,FALSE
Cylichnidae,5110040000,FALSE
Cylichna,5110040200,FALSE
Cylichna cylindracea,5110040211,FALSE
Scaphander,5110040300,FALSE
Scaphander lignarius,5110040303,FALSE
Philinidae,5110050000,FALSE
Philine,5110050100,FALSE
Philine aperta,5110050106,FALSE
Philine alata,5110050107,FALSE
Retusidae,5110130000,FALSE
Retusa,5110130100,FALSE
Retusa obtusa,5110130101,FALSE
Retusa alba,5110130104,FALSE
Retusa trunculata,5110130109,FALSE
Thecosomata,5113000000,FALSE
Lymacinidae,5113010000,FALSE
Lymacina,5113010100,FALSE
Lymacina retroversa,5113010106,FALSE
Cavolinidae,5113020000,FALSE
Peraclididae,5113030000,FALSE
Procymbuliidae,5113040000,FALSE
Cymbuliidae,5113050000,FALSE
Desmopteridae,5113060000,FALSE
Basommatophora,5114000000,FALSE
Ellobiidae,5114040000,FALSE
Phytia,5114040100,FALSE
Phytia myosotis,5114040101,FALSE
Leucophytia,5114040400,FALSE
Leucophytia bidentata,5114040401,FALSE
Gymnosomata,5125000000,FALSE
Clionidae,5125060000,FALSE
Clione,5125060100,FALSE
Clione limacina,5125060101,FALSE
Nudibranchia,5127000000,FALSE
Cryptobranchia,5130000000,FALSE
Chromodorididae,5130020000,FALSE
Dorididae,5130030000,FALSE
Dendronotoidea,5134000000,FALSE
Dendronotidae,5134060000,FALSE
Cleioprocta,5142000000,FALSE
Facelinidae,5142010000,FALSE
Aeolidiidae,5142030000,FALSE
Polyplacophora,5300000000,FALSE
Lepidopleurina,5302000000,FALSE
Lepidopleuridae,5302010000,FALSE
Lepidopleurus,5302010200,FALSE
Lepidopleurus asellus,5302010202,FALSE
Ischnochitonina,5303000000,FALSE
Ischnochitoniddae,5303020000,FALSE
Ischnochiton,5303020300,FALSE
Ischnochiton albus,5303020302,FALSE
Lepidochitona,5303020400,FALSE
Lepidochitona cinereus,5303020402,FALSE
Tonicella,5303020600,FALSE
Tonicella rubra,5303020604,FALSE
Callochitonidae,5303040000,FALSE
Callochiton,5303040100,FALSE
Callochiton achatinus,5303040101,FALSE
Acantochitonina,5304000000,FALSE
Acanthochitonidae,5304010000,FALSE
Acanthochitona,5304010200,FALSE
Acanthochitona crinatus,5304010201,FALSE
Acanthochiton communis,5304010202,FALSE
Bivalvia,5500000000,FALSE
Nuculoida,5502000000,FALSE
Nuculidae,5502020000,FALSE
Nucula                  *,5502020200,FALSE
Nucula nucleus,5502020207,FALSE
Nucula tumidula,5502020208,FALSE
Arcoida,5506000000,FALSE
Arcidae,5506010000,FALSE
Arca,5506010400,FALSE
Arca lactea,5506010401,FALSE
Glycymeridae,5506060000,FALSE
Glycymeris,5506060100,FALSE
Glycymeris glycymeris,5506060105,FALSE
Mytiloida,5507000000,FALSE
Mytilidae,5507010000,FALSE
Mytilus,5507010100,FALSE
Mytilus edulis,5507010101,FALSE
Mytilus galloprovincialis,5507010102,FALSE
Musculus,5507010400,FALSE
Musculus niger,5507010401,FALSE
Musculus discors,5507010402,FALSE
Musculus marmoratus,5507010407,FALSE
Musculus pygmeus,5507010410,FALSE
Musculus costulatus,5507010412,FALSE
Modiolus,5507010600,FALSE
Modiolus modiolus,5507010601,FALSE
Modiolus barbatus,5507010604,FALSE
Modiolus phaseolinus,5507010605,FALSE
Pteriina,5509000000,FALSE
Pectinidae,5509050000,FALSE
Chlamys,5509050100,FALSE
Chlamys varia,5509050108,FALSE
Chlamys distorta,5509050109,FALSE
Chlamys opercularis,5509050110,FALSE
Chlamys tigerina,5509050111,FALSE
Pecten,5509050400,FALSE
Pecten maximus,5509050402,FALSE
Anomiidae,5509090000,FALSE
Anomia,5509090200,FALSE
Anomia squamula,5509090203,FALSE
Anomia epihippium,5509090204,FALSE
Anomia patelliformis,5509090205,FALSE
Anomia squama,5509090206,FALSE
Limidae,5509100000,FALSE
Lima,5509100100,FALSE
Lima lascombi,5509100104,FALSE
Lima sulcata,5509100106,FALSE
Ostreina,5510000000,FALSE
Ostreidae,5510020000,FALSE
Crassostrea,5510020100,FALSE
Crassostrea angulata,5510020103,FALSE
Ostrea,5510020200,FALSE
Ostrea edulis,5510020202,FALSE
Veneroida,5515000000,FALSE
Lucinidae,5515010000,FALSE
Phacoidea,5515010400,FALSE
Phacoidea borealis,5515010401,FALSE
Divaricella,5515010500,FALSE
Divaricella divaricata,5515010501,FALSE
Erycinidae,5515070000,FALSE
Lasaea,5515070100,FALSE
Lasaea rubra,5515070102,FALSE
Kelliidae,5515080000,FALSE
Kellia,5515080100,FALSE
Kellia suborbicularis,5515080102,FALSE
Montacutidae,5515100000,FALSE
Mysella,5515100100,FALSE
Mysella bidentata,5515100108,FALSE
Montacuta,5515100400,FALSE
Montacuta ferruginosa,5515100403,FALSE
Astartidae,5515190000,FALSE
Astarte,5515190100,FALSE
Astarte montagui,5515190103,FALSE
Astarte,5515190112,TRUE
Astarte sulcata,5515190116,FALSE
Astarte triangularis,5515190117,FALSE
Cardiidae,5515220000,FALSE
Laevicardium,5515220400,FALSE
Laevicardium crassum,5515220402,FALSE
Cardium,5515220800,FALSE
Cardium edule,5515220801,FALSE
Cardium scabrum,5515220802,FALSE
Cardium exiguum,5515220803,FALSE
Cardium echinatum,5515220804,FALSE
Parvicardium,5515220900,FALSE
Parvicardium minimum,5515220901,FALSE
Parvicardium ovale,5515220902,FALSE
Mactridae,5515250000,FALSE
Spisula,5515250100,FALSE
Spisula subtruncata,5515250104,FALSE
Spisula solida,5515250105,FALSE
Spisula elliptica,5515250106,FALSE
Mactra,5515250500,FALSE
Mactra corallina,5515250501,FALSE
Lutraria,5515250600,FALSE
Lutraria lutraria,5515250601,FALSE
Lutraria magna,5515250602,FALSE
Solenidae,5515290000,FALSE
Solen,5515290200,FALSE
Solen marginatus,5515290203,FALSE
Ensis,5515290300,FALSE
Ensis ensis,5515290302,FALSE
Ensis arcuatus,5515290303,FALSE
Ensis siliqua,5515290304,FALSE
Cultellus,5515290400,FALSE
Cultellus pellucidus,5515290401,FALSE
Tellinidae,5515310000,FALSE
Macoma,5515310100,FALSE
Macoma balthica,5515310116,FALSE
Tellina,5515310200,FALSE
Tellina pygmaea,5515310272,FALSE
Arcopagia,5515310300,FALSE
Arcopagia crassa,5515310301,FALSE
Angulus,5515310400,FALSE
Angulus pygmaeus,5515310401,FALSE
Angulus fabula,5515310402,FALSE
Angula donacinus,5515310403,FALSE
Angula tenuis,5515310404,FALSE
Donacidae,5515320000,FALSE
Donax,5515320100,FALSE
Donax vittatus,5515320103,FALSE
Psammobiidae,5515330000,FALSE
Gari,5515330100,FALSE
Gari fervensis,5515330102,FALSE
Semelidae,5515350000,FALSE
Abra,5515350200,FALSE
Abra tenuis,5515350202,FALSE
Abra nitida,5515350203,FALSE
Abra prismatica,5515350204,FALSE
Abra alba,5515350210,FALSE
Scrobicularia,5515350300,FALSE
Scrobicularia plana,5515350301,FALSE
Veneridae,5515470000,FALSE
Dosinia,5515470900,FALSE
Dosinia exoleta,5515470902,FALSE
Dosinia lupinus,5515470903,FALSE
Venus,5515471400,FALSE
Venus verrucosa,5515471401,FALSE
Venus mercenaria,5515471402,FALSE
Venus ovata,5515471403,FALSE
Venus gallina,5515471404,FALSE
Venerupis,5515471500,FALSE
Venerupis pullastra,5515471501,FALSE
Venerupis aurea,5515471502,FALSE
Venerupis rhomboides,5515471503,FALSE
Venus,5515472100,TRUE
Venus gallina,5515472101,TRUE
Venus ovata,5515472102,TRUE
Venus fasciata,5515472103,FALSE
Venus verrucosa,5515472104,TRUE
Venus mercenaria,5515472105,TRUE
Petricolidae,5515480000,FALSE
Petricola,5515480100,FALSE
Petricola pholadiformis,5515480102,FALSE
Cyprinidae,5515510000,FALSE
Cyprina,5515510100,FALSE
Cyprina islandica,5515510101,FALSE
Myina,5517000000,FALSE
Myidae,5517010000,FALSE
Mya,5517010200,FALSE
Mya arenaria,5517010201,FALSE
Mya truncata,5517010203,FALSE
Sphenia,5517010400,FALSE
Sphenia binghami,5517010401,FALSE
Corbulidae,5517020000,FALSE
Corbula,5517020200,FALSE
Corbula gibba,5517020202,FALSE
Hiatellidae,5517060000,FALSE
Hiatella,5517060200,FALSE
Hiatella arctica,5517060201,FALSE
Hiatella striata,5517060204,FALSE
Saxicavella,5517060500,FALSE
Saxicavella jeffreysi,5517060501,FALSE
Pholadina,5518000000,FALSE
Pholadidae,5518010000,FALSE
Zirrfaea,5518010100,FALSE
Zirrfaea crispata,5518010102,FALSE
Barnea,5518010400,FALSE
Barnea candida,5518010402,FALSE
Barnea parva,5518010403,FALSE
Pholas,5518010800,FALSE
Pholas ddactylus,5518010801,FALSE
Teredinidae,5518020000,FALSE
Teredo,5518020200,FALSE
Teredo navalis,5518020201,FALSE
Teredo megotara,5518020202,FALSE
Teredo norvegica,5518020203,FALSE
Pholadomyoida,5520000000,FALSE
Laternulidae,5520040000,FALSE
Cochlodesma praetenue,5520040101,FALSE
Thraciidae,5520080000,FALSE
Thracia phaseolina,5520080210,FALSE
Cuspidariidae,5520100000,FALSE
Cuspidaria,5520100200,FALSE
Cuspidaria cuspidata,5520100229,FALSE
Scaphopoda,5600000000,FALSE
Dentalidae,5600010000,FALSE
Dentalium,5600010100,FALSE
Dentalium entale,5600010105,FALSE
Dentalium vulgare,5600010107,FALSE
Cephalopoda,5700000000,FALSE
Sepiida,5704000000,FALSE
Sepiolidae,5704020000,FALSE
Rossia,5704020100,FALSE
Rossia macrosoma,5704020103,FALSE
Sepiola,5704020300,FALSE
Sepiola atlantica,5704020301,FALSE
Sepietta,5704020400,FALSE
Sepietta oweniana,5704020401,FALSE
Sepiidae,5704030000,FALSE
Sepia,5704030100,FALSE
Sepia elegans,5704030101,FALSE
Sepia orbignyana,5704030102,FALSE
Sepia officinalis,5704030103,FALSE
Myopsida,5706000000,FALSE
Loliginidae,5706010000,FALSE
Loligo,5706010100,FALSE
Loligo vulgaris,5706010102,FALSE
Loligo forbesi,5706010103,FALSE
Allotheutis,5706010300,FALSE
Allotheutis subulata,5706010301,FALSE
Degopsida,5707000000,FALSE
Ommatostrephidae,5707150000,FALSE
Ommastrephes,5707150300,FALSE
Ommastrephes sagittatus,5707150301,FALSE
Octopodida,5708000000,FALSE
Octopodidae,5708010000,FALSE
Octopus,5708010200,FALSE
Octopus vulgaris,5708010202,FALSE
Eledone,5708010400,FALSE
Eledone cirrosa,5708010401,FALSE
Pycnogonida,6000000000,FALSE
Pantopoda,6001000000,FALSE
Nymphonidae,6001010000,FALSE
Nymphon,6001010100,FALSE
Nymphon gracile,6001010108,FALSE
Pycnogonidae,6001080000,FALSE
Pycnogonum,6001080100,FALSE
Pycnogonum littorale,6001080103,FALSE
Crustacea,6100000000,FALSE
Cladocera,6109000000,FALSE
Polyphemidae,6109050000,FALSE
Evadne,6109050100,FALSE
Evadne nordmanni,6109050101,FALSE
Podon,6109050200,FALSE
Ostracoda,6110000000,FALSE
Myodocopa,6111000000,FALSE
Cladocopa,6112000000,FALSE
Podocopa,6113000000,FALSE
Platycopa,6114000000,FALSE
Calanoida,6118000000,FALSE
Calanidae,6118010000,FALSE
Calanus,6118010200,FALSE
Calanus finmarchicus,6118010208,FALSE
Paracalanidae,6118040000,FALSE
Pseudocalanidae,6118050000,FALSE
Microcalanus,6118050400,FALSE
Microcalanus pusillus,6118050401,FALSE
Aetideidae,6118070000,FALSE
Chiridius,6118070600,FALSE
Chiridius armatus,6118070606,FALSE
Euchaetidae,6118080000,FALSE
Euchaeta,6118080100,FALSE
Metridiidae (copepoda),6118160000,FALSE
Metridia,6118160200,FALSE
Metridia lucens,6118160207,FALSE
Centropagidae,6118170000,FALSE
Centropages hamatus,6118170105,FALSE
Centropages typicus,6118170106,FALSE
Temoridae,6118200000,FALSE
Temora,6118200300,FALSE
Temora longicornis,6118200303,FALSE
Heterorhabdidae,6118220000,FALSE
Heterorhabdus,6118220200,FALSE
Candaciidae,6118260000,FALSE
Candacia,6118260100,FALSE
Candacia armata,6118260104,FALSE
Pontellidae,6118270000,FALSE
Anomalocera,6118270500,FALSE
Anomalocera patersoni,6118270501,FALSE
Acartiidae,6118290000,FALSE
Acartia,6118290100,FALSE
Acartia clausi,6118290101,FALSE
Harpacticoida,6119000000,FALSE
Harpacticidae,6119100000,FALSE
Cyclopoida,6120000000,FALSE
Oithonidae,6120090000,FALSE
Oithona,6120090100,FALSE
Caligoida,6123000000,FALSE
Caligidae,6123010000,FALSE
Caligus,6123010100,FALSE
Caligus elongatus,6123010103,FALSE
Lepadomorpha,6132000000,FALSE
Lepadidae,6132050000,FALSE
Lepas,6132050300,FALSE
Lepas anatifera,6132050301,FALSE
Balanomorpha,6134000000,FALSE
Balanidae,6134020000,FALSE
Sacculinidae,6141020000,FALSE
Malacostraca,6143000000,FALSE
Leptostraca,6145000000,FALSE
Nebalidae,6145010000,FALSE
Nebalia,6145010100,FALSE
Nebalia bipes,6145010101,FALSE
Mysidacea,6151000000,FALSE
Lophogastrida,6152000000,FALSE
Lophogastridae,6152010000,FALSE
Lophogaster,6152010500,FALSE
Lophogaster typicus,6152010515,FALSE
Mysida,6153000000,FALSE
Mysidae,6153010000,FALSE
Mysis,6153011400,FALSE
Neomysis,6153011500,FALSE
Gastrosaccus,6153012700,FALSE
Gastrosaccus spinifer,6153012701,FALSE
Schistomysis,6153017400,FALSE
Schistomysis ornata,6153017403,FALSE
Mysidae,6153030000,TRUE
Leptomysis,6153031000,FALSE
Leptomysis gracilis,6153031007,FALSE
Cumacea,6154000000,FALSE
Lampropidae,6154010000,FALSE
Hemilamprops,6154010200,FALSE
Hemilamprops rosea,6154010203,FALSE
Cumidae,6154020000,FALSE
Platyaspidae,6154030000,FALSE
Leuconidae,6154040000,FALSE
Leucon,6154040100,FALSE
Leucon nasica,6154040101,FALSE
Eudorella,6154040200,FALSE
Eudorella emarginata,6154040201,FALSE
Eudorella trunculata,6154040204,FALSE
Eudorellopsis,6154040300,FALSE
Eudorellopsis deformis,6154040304,FALSE
Diastylidae,6154050000,FALSE
Diastylis,6154050100,FALSE
Diastylis lucifera,6154050110,FALSE
Diastylis rathkei,6154050116,FALSE
Diastylis tumida,6154050122,FALSE
Diastylis laevis,6154050132,FALSE
Diastylis serrata,6154050133,FALSE
Pseudocumidae,6154060000,FALSE
Petalosarsia,6154060100,FALSE
Petalosarsia declivis,6154060101,FALSE
Pseudocuma,6154060200,FALSE
Pseudocuma longicornis,6154060201,FALSE
Campylaspidae,6154070000,FALSE
Campylaspis,6154070100,FALSE
Campylaspis costata,6154070110,FALSE
Campylaspis glabra,6154070113,FALSE
Nannastacidae,6154080000,FALSE
Bodotriidae,6154090000,FALSE
Iphinoe,6154090800,FALSE
Iphinoe serrata,6154090801,FALSE
Tanaidacea dikonophora,6157000000,FALSE
Tanaidae,6157010000,FALSE
Leptognathia brevimanu,6157020203,FALSE
Isopoda,6158000000,FALSE
Gnathiidea,6159000000,FALSE
Gnathiidae,6159010000,FALSE
Gnathia,6159010100,FALSE
Anthuridea,6160000000,FALSE
Anthuridae,6160010000,FALSE
Anthura,6160010700,FALSE
Flabellifera,6161000000,FALSE
Cirolanidae,6161010000,FALSE
Cirolana,6161010100,FALSE
Cirolana borealis *,6161010108,FALSE
Eurydice,6161010200,FALSE
Sphaeomatidae,6161020000,FALSE
Sphaeroma,6161020700,FALSE
Limnoridae,6161050000,FALSE
Limnoria,6161050100,FALSE
Aegidae,6161070000,FALSE
Aega,6161070100,FALSE
Aega psora,6161070112,FALSE
Rocinela,6161070200,FALSE
Valvifera,6162000000,FALSE
Arcturidae,6162010000,FALSE
Astacilla,6162010400,FALSE
Idoteidae,6162020000,FALSE
Idotea,6162020300,FALSE
Saduria entomon,6162030201,FALSE
Asellota,6163000000,FALSE
Janiridae,6163060000,FALSE
Jaera,6163060200,FALSE
Epicaridea,6165000000,FALSE
Oniscoidea,6166000000,FALSE
Ligiidae,6166010000,FALSE
Ligia,6166010100,FALSE
Amphipoda,6168000000,FALSE
Gammaridea,6169000000,FALSE
Gammaridea,6169000001,TRUE
Ampeliscidae,6169020000,FALSE
Ampelisca,6169020100,FALSE
Ampelisca macrocephala,6169020101,FALSE
Ampelisca aequicornis,6169020118,FALSE
Ampelisca spinipes,6169020119,FALSE
Ampelisca typica,6169020120,FALSE
Ampelisca brevicornis,6169020121,FALSE
Ampelisca pusilla,6169020125,FALSE
Ampelisca tenuicornis,6169020126,FALSE
Ampelisca diadema,6169020127,FALSE
Byblis,6169020200,FALSE
Byblis gaimardi,6169020202,FALSE
Haploops,6169020300,FALSE
Haploops tubicola,6169020301,FALSE
Amphilochidae,6169030000,FALSE
Aoridae,6169060000,FALSE
Calliopiidae,6169120000,FALSE
Corophidae,6169150000,FALSE
Corophium,6169150200,FALSE
Corophium volutator,6169150212,FALSE
Eusiridae,6169200000,FALSE
Eusirus,6169200800,FALSE
Eusirus longipes,6169200804,FALSE
Gammaridae,6169210000,FALSE
Elasmopus,6169210300,FALSE
Elasmopus rapax,6169210303,FALSE
Gammarellus homari,6169210601,FALSE
Gammarus locusta,6169210701,FALSE
Maera,6169210800,FALSE
Maera loveni,6169210802,FALSE
Haustoriidae,6169220000,FALSE
Urothoe,6169220400,FALSE
Urothoe elegans,6169220401,FALSE
Urothoe poseidonis,6169220404,FALSE
Urothoe marina,6169220405,FALSE
Isaeidae,6169260000,FALSE
Photis,6169260200,FALSE
Photis longicaudata,6169260213,FALSE
Leucothoidae,6169320000,FALSE
Leucothoe,6169320100,FALSE
Leucothoe spinicarpa,6169320101,FALSE
Lysianassidae,6169340000,FALSE
Orchomene,6169342900,FALSE
Tmetonyx,6169345000,FALSE
Oedicerotidae,6169370000,FALSE
Monoculodes,6169370800,FALSE
Monoculodes carinatus,6169370807,FALSE
Synchelidium,6169371400,FALSE
Westwoodilla,6169371500,FALSE
Westwoodilla acutifrons,6169371506,FALSE
Periculoides,6169371700,FALSE
Perioculodes longimanus,6169371701,FALSE
Paramhithoidae,6169390000,FALSE
Epimeria,6169390200,FALSE
Epimeria cornigera,6169390203,FALSE
Epimeria tuberculata,6169390204,FALSE
Pardaliscidae,6169400000,FALSE
Nicippe,6169400200,FALSE
Nicippe tumida,6169400201,FALSE
Phoxocephalidae,6169420000,FALSE
Harpinia,6169420100,FALSE
Harpinia antennaria,6169420104,FALSE
Harpinia,6169420105,TRUE
Harpinia truncata,6169420115,FALSE
Harpinia laevis,6169420119,FALSE
Phoxocephalus,6169420700,FALSE
Phoxocephalus holbolli,6169420702,FALSE
Paraphoxus oculatus,6169420925,FALSE
Pleustidae,6169430000,FALSE
Podoceridae,6169440000,FALSE
Stegocephalidae,6169470000,FALSE
Stenothoidae,6169480000,FALSE
Metopa,6169481500,FALSE
Metopa spectabilis,6169481520,FALSE
Metopa soelsbergi,6169481525,FALSE
Hyperiidea,6170000000,FALSE
Hyperiidae,6170010000,FALSE
Hyperia,6170010100,FALSE
Hyperia galba,6170010101,FALSE
Parathemisto,6170011000,FALSE
Parathemisto libellula,6170011002,FALSE
Parathemisto gaudichaudi,6170011006,FALSE
Parathemisto compressa,6170011008,FALSE
Themisto,6170011400,FALSE
Scinidae,6170150000,FALSE
Caprellidea,6171000000,FALSE
Caprellidae,6171000001,TRUE
Caprellidae,6171010000,FALSE
Phtisica,6171011200,FALSE
Phtisica marina,6171011201,FALSE
Euphausiacea,6174000000,FALSE
Euphausiidae,6174020000,FALSE
Euphausia,6174020100,FALSE
Euphausia americana,6174020102,FALSE
Meganyctiphanes,6174020200,FALSE
Meganyctiphanes norvegica,6174020201,FALSE
Nyctiphanes couchii,6174020501,FALSE
Thyssanoessa,6174020900,FALSE
Thyssanoessa inermis,6174020902,FALSE
Thyssanoessa longicauda,6174020904,FALSE
Thyssanoessa raschii,6174020906,FALSE
Decapoda,6175000000,FALSE
Penaeidea,6177000000,FALSE
Sergestidae,6177020000,FALSE
Lucifer,6177020200,FALSE
Caridea,6179000000,FALSE
Pasiphaeidae,6179050000,FALSE
Pasiphaea,6179050100,FALSE
Pasiphaea tarda,6179050103,FALSE
Palaemonidae,6179110000,FALSE
Leander,6179110100,FALSE
Leander serratus,6179110102,FALSE
Leander squilla,6179110103,FALSE
Alpheidae,6179140000,FALSE
Athanas,6179140300,FALSE
Athanas nitescens,6179140301,FALSE
Hippolytidae,6179160000,FALSE
Hippolyte,6179160100,FALSE
Hippolyte varians,6179160104,FALSE
Spirontocaris,6179160200,FALSE
Spirontocaris liljeborgii,6179160208,FALSE
Spirontocaris,6179160210,TRUE
Spirontocaris spinosus,6179160216,FALSE
Spirontocaris gaimardi,6179160217,FALSE
Spirontocaris cranchi,6179160218,FALSE
Spirontocaris pusiola,6179160219,FALSE
Caridion,6179160800,FALSE
Caridion gordoni,6179160801,FALSE
Processidae,6179170000,FALSE
Processa,6179170100,FALSE
Processa canaliculata,6179170101,FALSE
Processa parva,6179170103,FALSE
Processa nouveli,6179170104,FALSE
Processa edulis,6179170108,FALSE
Pandalina,6179170600,FALSE
Pandalina brevirostris,6179170601,FALSE
Pandalidae,6179180000,FALSE
Pandalus,6179180100,FALSE
Pandalus borealis,6179180101,FALSE
Pandalus montagui,6179180104,FALSE
Pandalus propinquis,6179180108,FALSE
Pandalina brevirostris,6179180110,TRUE
Pandalus bonnieri,6179180111,FALSE
Pandalina brevirostris,6179180601,TRUE
Crangonidae,6179220000,FALSE
Crangon spec,6179220100,FALSE
Crangon intermedia,6179220110,FALSE
Crangon crangon,6179220118,FALSE
Crangon allmanni,6179220119,FALSE
Non com. Crangon,6179220199,FALSE
Sabinea septemcarinata,6179220501,FALSE
Pontophilus,6179220600,FALSE
Pontophilus bispinosus,6179220602,FALSE
Pontophilus trispinosus,6179220603,FALSE
Pontophilus spinosus,6179220604,FALSE
Pontophilus fasciatus,6179220605,FALSE
Pontophilus echinulatus,6179220606,FALSE
Pontophilus norvegicus,6179220607,FALSE
Pontophilus sculptus,6179220608,FALSE
Astacidea,6180000000,FALSE
Astacidea,6181000000,TRUE
Nephropidae,6181010000,FALSE
Homarus,6181010200,FALSE
Homarus vulgaris,6181010202,FALSE
Nephrops,6181010300,FALSE
Nephrops norvegicus,6181010301,FALSE
Palinurus,6182010100,FALSE
Anomura,6183000000,FALSE
Axiidae,6183020000,FALSE
Calocaris,6183020200,FALSE
Calocaris macandreae,6183020202,FALSE
Callianassidae,6183040000,FALSE
Upogebia,6183040100,FALSE
Upogebia stellata,6183040103,FALSE
Upogebia deltaura,6183040104,FALSE
Upogebia stellata,6183040105,TRUE
Upogebia littoralis,6183040110,FALSE
Callianassa,6183040200,FALSE
Callianassa subterranea,6183040202,FALSE
Callianassa laticaudata,6183040204,FALSE
Callianassa stebbingi,6183040206,FALSE
Paguridae,6183060000,FALSE
Pagurus,6183060200,FALSE
Pagurus bernhardus,6183060228,FALSE
Pagurus,6183060230,TRUE
Pagurus pubescens,6183060234,FALSE
Anapagurus,6183061000,FALSE
Anapagurus laevis,6183061101,FALSE
Lithodidae,6183080000,FALSE
Lithodes,6183080800,FALSE
Lithodes maja,6183080803,FALSE
Galatheidae,6183100000,FALSE
Munida,6183100100,FALSE
Munida rugosa,6183100104,FALSE
Galathea,6183100300,FALSE
Galathea intermedia,6183100301,FALSE
Galathea dispersa,6183100302,FALSE
Galathea squamifera,6183100303,FALSE
Galathea strigosa,6183100304,FALSE
Porcellanidae,6183120000,FALSE
Porcellana,6183120500,FALSE
Porcellana longicornis,6183120502,FALSE
Brachyura,6184000000,FALSE
Dromiacea,6185000000,FALSE
Dromidae,6185020000,FALSE
Dromia,6185020100,FALSE
Dromia personata,6185020101,FALSE
Homolidae,6185040000,FALSE
Paramola,6185040200,FALSE
Paramola cuvieri,6185040201,FALSE
Oxystomata,6186000000,FALSE
Leucosiidae,6186030000,FALSE
Ebalia,6186030300,FALSE
Ebalia tuberosa,6186030301,FALSE
Ebalia tumefacta,6186030302,FALSE
Ebalia cranchii,6186030303,FALSE
Oxyrhyncha,6187000000,FALSE
Majidae,6187010000,FALSE
Hyas,6187010200,FALSE
Hyas coarctatus,6187010202,FALSE
Hyas araneus,6187010203,FALSE
Rochinia,6187011000,FALSE
Rochinia carpenteri,6187011403,FALSE
Inachus,6187011500,FALSE
Inachus dorsettensis,6187011501,FALSE
Inachus phalangium,6187011502,FALSE
Inachus leptochirus,6187011503,FALSE
Dorhynchus,6187011600,FALSE
Dorhynchus thomsoni,6187011601,FALSE
Archaeus,6187011700,FALSE
Archaeus cranchii,6187011701,FALSE
Macropodia,6187011800,FALSE
Macropodia rostrata,6187011801,FALSE
Macropodia tenuirostris,6187011802,FALSE
Pisa,6187011900,FALSE
Pisa armata,6187011901,FALSE
Eurynome,6187012000,FALSE
Eurynome aspera,6187012001,FALSE
Eurynome spinosa,6187012002,FALSE
Maja,6187012100,FALSE
Maja squinado,6187012101,FALSE
Cancridea,6188000000,FALSE
Corystidae,6188010000,FALSE
Corystes,6188010100,FALSE
Corystes cassivelanus,6188010101,FALSE
Atelecyclidae,6188020000,FALSE
Atelecyclus,6188020300,FALSE
Atelecyclus rotundatus,6188020301,FALSE
Cancridae,6188030000,FALSE
Cancer,6188030100,FALSE
Cancer pagurus,6188030109,FALSE
Cancer bellianus,6188030110,FALSE
Thiidae,6188040000,FALSE
Thia,6188040100,FALSE
Thia sentellata,6188040101,FALSE
Thia scutellata,6188040102,FALSE
Pirimelidae,6188050000,FALSE
Pirimela,6188050100,FALSE
Pirimela denticulata,6188050101,FALSE
Brachyrhyncha,6189000000,FALSE
Portunidae,6189010000,FALSE
Callinectes,6189010300,FALSE
Callinectes sapidus,6189010301,FALSE
Carcinus,6189010700,FALSE
Carcinus maenas,6189010701,FALSE
Portumnus,6189010800,FALSE
Portumnus latipes,6189010801,FALSE
Macropipus,6189010900,FALSE
Macropipus puber,6189010901,FALSE
Macropipus arenatus,6189010902,FALSE
Macropipus pusillus,6189010903,FALSE
Macropipus marmoreus,6189010904,FALSE
Macropipus holsatus,6189010905,FALSE
Macropipus depurator,6189010906,FALSE
Macropipus tuberculatus,6189010907,FALSE
Macropipus acuatus,6189010908,FALSE
Xanthidae,6189020000,FALSE
Rithropanopeus,6189020900,FALSE
Rithropanopeus harrisii,6189020901,FALSE
Pilumnus,6189021000,FALSE
Pilumnus hirtellus,6189021101,FALSE
Pilumnus spirifer,6189021102,FALSE
Xantho,6189021200,FALSE
Xantho pilipes,6189021201,FALSE
Goneplacidae,6189050000,FALSE
Geryon,6189050100,FALSE
Geryon tridens,6189050102,FALSE
Geryon affinis,6189050103,FALSE
Gonoplax,6189050200,FALSE
Gonoplax rhomboides,6189050201,FALSE
Pinnotheridae,6189060000,FALSE
Pinnotheres,6189060200,FALSE
Pinnotheres pisum,6189060204,FALSE
Grapsidae,6189070000,FALSE
Pachygrapsus,6189070400,FALSE
Pachygrapsus transversus,6189070401,FALSE
Planes,6189070500,FALSE
Planes minutus,6189070501,FALSE
Eriocheir,6189070600,FALSE
Eriocheir sinensis,6189070601,FALSE
Insecta,6200000000,FALSE
Insecta pterygota,6213000000,FALSE
Aphidoidea,6291000000,FALSE
Sipuncula,7200000000,FALSE
Sipunculidae,7201010000,FALSE
Echiura,7300000000,FALSE
Echiuroinea,7301000000,FALSE
Echiuridae,7301020000,FALSE
Echiurus,7301020200,FALSE
Echiurus echiurus,7301020201,FALSE
Priapulida,7400000000,FALSE
Priapulidae,7400010000,FALSE
Priapulus,7400010100,FALSE
Priapulus caudatus,7400010101,FALSE
Ectoprocta,7800000000,FALSE
Gymnolaemata,7801000000,FALSE
CHEILOSTOMATA,7814000000,FALSE
Phylactolaemata,7816000000,FALSE
Brachiopoda,8000000000,FALSE
Echinodermata,8100000000,FALSE
Asteroidea,8104000000,FALSE
Platyasterida,8105000000,FALSE
Luidiidae,8105010000,FALSE
Luidia,8105010100,FALSE
Luidia ciliaris,8105010103,FALSE
Luidia sarsi,8105010104,FALSE
Diplozonia,8106000000,FALSE
Astropectinidae,8106010000,FALSE
Astropecten,8106010500,FALSE
Astropecten irregularis,8106010502,FALSE
Astropecten aranciacus,8106010503,FALSE
Granulosina,8111000000,FALSE
Goniasteridae,8111040000,FALSE
Ceramaster,8111040100,FALSE
Ceramaster granularis,8111040107,FALSE
Ceramaster placenta,8111040108,FALSE
Ophidiasteridae,8111060000,FALSE
Ophidiaster,8111060100,FALSE
Ophidiaster ophidianus,8111060101,FALSE
Eugnathina,8113000000,FALSE
Solasteridae,8113010000,FALSE
Crossaster,8113010100,FALSE
Crossaster papposus,8113010103,FALSE
Solaster,8113010300,FALSE
Solaster endeca,8113010302,FALSE
Leptognathina,8114000000,FALSE
Asterinidae,8114010000,FALSE
Asterina,8114010100,FALSE
Asterina gibbosa,8114010102,FALSE
Poraniidae,8114030000,FALSE
Porania,8114030300,FALSE
Porania pulvillus,8114030302,FALSE
Echinasteridae,8114040000,FALSE
Henricia,8114040100,FALSE
Henricia oculata,8114040113,FALSE
Echinaster,8114040300,FALSE
Echinaster sepositus,8114040301,FALSE
Asteriadina,8117000000,FALSE
Asteriidae,8117030000,FALSE
Asterias,8117030200,FALSE
Asterias rubens,8117030205,FALSE
Leptasterias,8117030400,FALSE
Leptasterias mulleri,8117030415,FALSE
Chilophiurina,8127000000,FALSE
Ophiuridae,8127010000,FALSE
Ophiura,8127010600,FALSE
Ophiura sarsi,8127010610,FALSE
Ophiura robusta,8127010611,FALSE
Ophiura texturata,8127010612,FALSE
Ophiura albida,8127010613,FALSE
Ophiocomidae,8127030000,FALSE
Ophiocomina,8127030100,FALSE
Ophiocomina nigra,8127030101,FALSE
Ophiodermatidae,8127050000,FALSE
Ophioderma,8127050100,FALSE
Ophioderma longicauda,8127050102,FALSE
Gnathophiurina,8129000000,FALSE
Amphiuridae,8129030000,FALSE
Amphipholis,8129030200,FALSE
Amphipholis squamata,8129030202,FALSE
Amphiura,8129031000,FALSE
Amphiura chiajei,8129031004,FALSE
Amphiura filiformis,8129031005,FALSE
Ophiothricidae,8129040000,FALSE
Ophiothrix,8129040100,FALSE
Ophiothrix fragilis,8129040103,FALSE
Cidaroida,8138000000,FALSE
Cidaridae,8138010000,FALSE
Cidaris,8138010100,FALSE
Cidaris cidaris,8138010101,FALSE
Stylocidaris,8138010200,FALSE
Stylocidaris affinis,8138010201,FALSE
Arbacioida,8147000000,FALSE
Arbaciidae,8147010000,FALSE
Arbacia,8147010100,FALSE
Arbacia lixula,8147010102,FALSE
Echinoida,8149000000,FALSE
Echinidae,8149010000,FALSE
Echinus,8149010100,FALSE
Echinus esculentus,8149010101,FALSE
Echinus acutus,8149010102,FALSE
Echinus melo,8149010103,FALSE
Psammechinus,8149010200,FALSE
Psammechinus miliaris,8149010201,FALSE
Strongulocentrotidae,8149030000,FALSE
Strongul.,8149030200,FALSE
Strongul. Droebachiensis,8149030201,FALSE
Laganina,8154000000,FALSE
Fibulariidae,8154010000,FALSE
Echinocyamus,8154010100,FALSE
Echinocyamus pusillus,8154010101,FALSE
Micrasterina,8163000000,FALSE
Brissidae,8163010000,FALSE
Brissus,8163010100,FALSE
Brissus unicolor,8163010101,FALSE
Brissopsis,8163010200,FALSE
Brissopsis lyrifera,8163010201,FALSE
Spatangidae,8163020000,FALSE
Spatangus,8163020100,FALSE
Spatangus purpureus,8163020101,FALSE
Loveniidae,8163030000,FALSE
Echinocardium,8163030100,FALSE
Echinocardium cordatum,8163030101,FALSE
Echinocard. Pennatifidum,8163030102,FALSE
Echinocardium flavescens,8163030103,FALSE
Holothuroidea,8170000000,FALSE
Dendrochirotida,8172000000,FALSE
Cucumariidae,8172060000,FALSE
Cucumaria,8172060100,FALSE
Cucumaria normani,8172060116,FALSE
Cucumaria elongata,8172060117,FALSE
Thyone,8172060500,FALSE
Thyone fusus,8172060503,FALSE
Aspidochirotida,8175000000,FALSE
Stichopidae,8175020000,FALSE
Stichopus,8175020200,FALSE
Stichopus regalis,8175020202,FALSE
Apodida,8178000000,FALSE
Synaptidae,8178010000,FALSE
Labidoplax,8178010100,FALSE
Labidoplax digitata,8178010102,FALSE
Leptosynapta,8178010200,FALSE
Leptosynapta inhaerens,8178010201,FALSE
Chaetognatha,8300000000,FALSE
Sagitta,8300000300,FALSE
Urochordata,8400000000,FALSE
Ascidiacea,8401000000,FALSE
Aplourobranchia,8403000000,FALSE
Phlebobranchiata,8404000000,FALSE
Stolidobranchiata,8406000000,FALSE
Thaliacea,8407000000,FALSE
Pyrosomida,8408000000,FALSE
Doliolida,8410000000,FALSE
Salpida,8411000000,FALSE
SALPIDAE,8411010000,FALSE
Larvacea,8413000000,FALSE
Oikopleuridae,8413010000,FALSE
Oikopleura,8413010100,FALSE
Oikopleura dioica,8413010101,FALSE
Fritillariidae,8413020000,FALSE
Fritillaria,8413020100,FALSE
Fritillaria borealis,8413020101,FALSE
Cephalochordata,8500000000,FALSE
Branchiostomidae,8500010000,FALSE
Branchiostoma,8500010100,FALSE
Branchiostoma lanceolata,8500010102,FALSE
Agnatha,8600000000,FALSE
Petromyzoniformes,8603000000,FALSE
Petromyzonidae,8603010000,FALSE
Lampetra,8603010200,FALSE
Lampetra fluviatilis,8603010205,FALSE
Petromyzon,8603010300,FALSE
Petromyzon marinus,8603010301,FALSE
Myxiniformes,8606000000,FALSE
Myxinidae,8606010000,FALSE
Myxine,8606010200,FALSE
Myxine glutinosa,8606010201,FALSE
Gnathostomata,8700000000,FALSE
Hexanchiformes,8705000000,FALSE
Chlamydoselachidae,8705010000,FALSE
Chlamydoselach.,8705010100,FALSE
Chlamydoselach. Anguineus,8705010101,FALSE
Hexanchidae,8705020000,FALSE
Hexanchus,8705020100,FALSE
Hexanchus griseus,8705020101,FALSE
Lamninoidei,8707000000,FALSE
Lamnidae,8707040000,FALSE
Cetorhinus,8707040200,FALSE
Cetorhinus maximus,8707040201,FALSE
Lamna,8707040300,FALSE
Lamna nasus,8707040302,FALSE
Alopias,8707040400,FALSE
Alopias vulpinus,8707040401,FALSE
Isurus,8707040500,FALSE
Isurus oxyrhinchus,8707040501,FALSE
Scyliorhinoidei,8708000000,FALSE
Scyliorhinidae,8708010000,FALSE
Galeus,8708010200,FALSE
Galeus melastomus,8708010203,FALSE
Scyliorhinus,8708010300,FALSE
Scyliorhinus caniculus,8708010306,FALSE
Scyliorhinus stellaris,8708010307,FALSE
Carchharhinidae,8708020000,FALSE
Galeorhinus,8708020100,FALSE
Galeorhinus galeus,8708020102,FALSE
Mustelus,8708020400,FALSE
Mustelus mustelus,8708020409,FALSE
Prionace,8708020600,FALSE
Prionace glauca,8708020601,FALSE
Sphyrnidae,8708030000,FALSE
Sphyrna,8708030100,FALSE
Sphyrna zygaena,8708030102,FALSE
Squaloidei,8710000000,FALSE
Squalidae,8710010000,FALSE
Somniosus,8710010100,FALSE
Somniosus microcephalus,8710010102,FALSE
Squalus,8710010200,FALSE
Squalus acanthias,8710010201,FALSE
Dalatias,8710010400,FALSE
Dalatias licha,8710010401,FALSE
Etmopterus,8710010500,FALSE
Etmopterus spinax,8710010510,FALSE
Echinorhinus,8710011000,FALSE
Echinorhinus brucus,8710011001,FALSE
Rajiformes,8713000000,FALSE
Torpedinidae,8713030000,FALSE
Torpedo,8713030100,FALSE
Torpedo nobiliana,8713030102,FALSE
Torpedo marmorata,8713030105,FALSE
Rajidae,8713040000,FALSE
Raja,8713040100,FALSE
Amblyraja radiata,8713040134,FALSE
Raja brachyura,8713040138,FALSE
Raja microocellata,8713040140,FALSE
Raja montagui,8713040141,FALSE
Raja batis,8713040143,FALSE
Raja oxyrhynchus,8713040145,FALSE
Raja fullonica,8713040146,FALSE
Raja circularis,8713040147,FALSE
Raja naevus,8713040148,FALSE
Raja alba,8713040151,FALSE
Raja undulata,8713040158,FALSE
Raja clavata,8713040159,FALSE
Dasyatidae,8713050000,FALSE
Dasyatis,8713050100,FALSE
Dasyatis pastinaca,8713050141,FALSE
Myliobatidae,8713070000,FALSE
Myliobatis,8713070200,FALSE
Myliobatis aquila,8713070204,FALSE
Chimaeroidei,8716000000,FALSE
Chimaeridae,8716020000,FALSE
Chimaera,8716020200,FALSE
Chimaera monstrosa,8716020202,FALSE
Acipenseriformes,8729000000,FALSE
Acipenseridae,8729010000,FALSE
Acipenser,8729010100,FALSE
Acipenser sturio,8729010107,FALSE
TELEOSTEI,8735000000,FALSE
Anguilloidei,8741000000,FALSE
Anguillidae,8741010000,FALSE
Anguilla,8741010100,FALSE
Anguilla anguilla,8741010102,FALSE
Muraenidae,8741050000,FALSE
Muraena,8741050500,FALSE
Muraena helena,8741050505,FALSE
Congridae,8741120000,FALSE
Conger,8741120100,FALSE
Conger conger,8741120111,FALSE
Clupeoidei,8747000000,FALSE
Clupeidae,8747010000,FALSE
Alosa,8747010100,FALSE
Alosa alosa,8747010107,FALSE
Alosa fallax,8747010109,FALSE
Clupea,8747010200,FALSE
Clupea harengus,8747010201,FALSE
Sprattus,8747011700,FALSE
Sprattus sprattus,8747011701,FALSE
Sardina,8747012200,FALSE
Sardina pilchardus,8747012201,FALSE
Non com. Clupeidae,8747019999,FALSE
Engraulidae,8747020000,FALSE
Engraulis,8747020100,FALSE
Engraulis encrasicolus,8747020104,FALSE
Salmonoidei,8755000000,FALSE
Salmonidae,8755010000,FALSE
Coregonus,8755010100,FALSE
Coregonus oxyrhinchus,8755010115,FALSE
Salmo,8755010300,FALSE
Salmo salar,8755010305,FALSE
Salmo trutta,8755010306,FALSE
Osmeridae,8755030000,FALSE
Mallotus,8755030200,FALSE
Mallotus villosus,8755030201,FALSE
Osmerus,8755030300,FALSE
Osmerus eperlanus,8755030301,FALSE
Argentinoidei,8756000000,FALSE
Argentinidae,8756010000,FALSE
Argentina,8756010200,FALSE
Argentina silus,8756010203,FALSE
Argentina sphyraena,8756010237,FALSE
Stomiatoidei,8759000000,FALSE
Gonostomatidae,8759010000,FALSE
Maurolicus,8759010500,FALSE
Maurolicus muelleri,8759010501,FALSE
Sternoptychidae,8759020000,FALSE
Argyropelecus,8759020100,FALSE
Argyropelecus olfersi,8759020107,FALSE
Myctophoidei,8762000000,FALSE
Myctophidae,8762140000,FALSE
Gobiesociformes,8784000000,FALSE
Gobiesocidae,8784010000,FALSE
Lepadogaster,8784010600,FALSE
Lepadogaster lepadogaster,8784010603,FALSE
Diplecogaster,8784010700,FALSE
Diplecogaster bimaculata,8784010701,FALSE
Lophioidei,8786000000,FALSE
Lophiidae,8786010000,FALSE
Lophius,8786010100,FALSE
Lophius piscatorius,8786010103,FALSE
Gadoidei,8791000000,FALSE
Gadidae,8791030000,FALSE
Gadus,8791030400,FALSE
Gadus morhua,8791030402,FALSE
Lota,8791030800,FALSE
Lota lota,8791030801,FALSE
Pollachius,8791030900,FALSE
Pollachius virens,8791030901,FALSE
Pollachius pollachius,8791030902,FALSE
Brosme,8791031100,FALSE
Brosme brosme,8791031101,FALSE
Melanogrammus,8791031300,FALSE
Melanogrammus aeglefinus,8791031301,FALSE
Enchelyopus,8791031500,FALSE
Enchelyopus cimbrius,8791031501,FALSE
Phycis,8791031600,FALSE
Phycis blennoides,8791031602,FALSE
Trisopterus,8791031700,FALSE
Trisopterus minutus,8791031701,FALSE
Trisopterus luscus,8791031702,FALSE
Trisopterus esmarkii,8791031703,FALSE
Merlangius,8791031800,FALSE
Merlangius merlangus,8791031801,FALSE
Molva,8791031900,FALSE
Molva molva,8791031901,FALSE
Molva dipterygia,8791031902,FALSE
Gaidropsurus,8791032000,FALSE
Gaidropsurus vulgaris,8791032001,FALSE
Gaidropsurus mediterran.,8791032002,FALSE
Gadiculus,8791032100,FALSE
Gadiculus argenteus,8791032101,FALSE
Micromesistius,8791032200,FALSE
Micromesistius poutassou,8791032201,FALSE
Raniceps,8791032300,FALSE
Raniceps raninus,8791032301,FALSE
Ciliata,8791032400,FALSE
Ciliata mustela,8791032401,FALSE
Ciliata septentrionalis,8791032402,FALSE
Non com. Gadidae,8791039999,FALSE
Merluccidae,8791040000,FALSE
Merluccius,8791040100,FALSE
Merluccius merluccius,8791040105,FALSE
Ophidioidei,8792000000,FALSE
Carapidae,8792020000,FALSE
Echiodon,8792020200,FALSE
Echiodon drummondi,8792020202,FALSE
Zoarcidei,8793000000,FALSE
Zoarcidae,8793010000,FALSE
Lycodes,8793010700,FALSE
Lycodes vahlii,8793010724,FALSE
Zoarces,8793012000,FALSE
Zoarces viviparis,8793012001,FALSE
Macrouroidei,8794000000,FALSE
Macrouridae,8794010000,FALSE
Coryphaenoides rupestris,8794010117,FALSE
Macrocephalus,8794010600,FALSE
Macrocephalus laevis,8794010601,FALSE
Trachyrhynchus,8794011500,FALSE
Trachyrhynchus trachyrh.,8794011501,FALSE
Macrourus,8794011600,FALSE
Macrourus berglax,8794011601,FALSE
Gnathostomata,8800000000,TRUE
Exocoetoidei,8803000000,FALSE
Belonidae,8803020000,FALSE
Belone,8803020500,FALSE
Belone belone,8803020502,FALSE
Scomberesocidae,8803030000,FALSE
Scomberesox,8803030200,FALSE
Scomberesox saurus,8803030201,FALSE
Atherinoidei,8805000000,FALSE
Atherinidae,8805020000,FALSE
Atherina,8805021000,FALSE
Atherina presbyter,8805021003,FALSE
Zeiformes,8811000000,FALSE
Zeidae,8811030000,FALSE
Zeus,8811030300,FALSE
Zeus faber,8811030301,FALSE
Caproidae,8811060000,FALSE
Capros,8811060300,FALSE
Capros aper,8811060301,FALSE
Lampridoidei,8813000000,FALSE
Lampridae,8813010000,FALSE
Lampris,8813010100,FALSE
Lampris guttatus,8813010102,FALSE
Trachipteroidei,8815000000,FALSE
Trachipteridae,8815020000,FALSE
Trachipterus,8815020100,FALSE
Trachipterus arcticus,8815020102,FALSE
Regalecidae,8815030000,FALSE
Regalecus,8815030100,FALSE
Regalecus glesne,8815030101,FALSE
Gasterosteoidei,8818000000,FALSE
Gasterosteidae,8818010000,FALSE
Gasterosteus,8818010100,FALSE
Gasterosteus aculeatus,8818010101,FALSE
Spinachia,8818010500,FALSE
Spinachia spinachia,8818010501,FALSE
Aulostomoidei,8819000000,FALSE
Macrorhamphosidae,8819030000,FALSE
Macrorhamphosus,8819030100,FALSE
Macrorhamphosus scolopax,8819030101,FALSE
Syngnathoidei,8820000000,FALSE
Syngnathidae,8820020000,FALSE
Syngnathus,8820020100,FALSE
Syngnathus rostellatus,8820020119,FALSE
Syngnathus acus,8820020120,FALSE
Syngnathus typhle,8820020123,FALSE
Hippocampus,8820020200,FALSE
Hippocampus ramulosus,8820020210,FALSE
Entelurus,8820022100,FALSE
Entelurus aequoreus,8820022101,FALSE
Nerophis,8820022200,FALSE
Nerophis lumbriciformis,8820022201,FALSE
Nerophis ophidion,8820022202,FALSE
Scorpaenoidei,8826000000,FALSE
Scorpaenidae,8826010000,FALSE
Sebastes,8826010100,FALSE
Sebastes marinus,8826010139,FALSE
Sebastes viviparus,8826010175,FALSE
Helicolenus,8826010300,FALSE
Helicolenus dactylopterus,8826010301,FALSE
Scorpaena,8826010600,FALSE
Scorpaena scropha,8826010628,FALSE
Triglidae,8826020000,FALSE
Trigla,8826020500,FALSE
Trigla lucerna,8826020501,FALSE
Trigla lyra,8826020503,FALSE
Eutrigla,8826020600,FALSE
Eutrigla gurnardus,8826020601,FALSE
Trigloporus,8826020700,FALSE
Trigloporus lastoviza,8826020701,FALSE
Aspitrigla,8826020800,FALSE
Aspitrigla cuculus,8826020801,FALSE
Cottoidei,8831000000,FALSE
Cottidae,8831020000,FALSE
Myoxocephalus,8831022000,FALSE
Myoxocephalus,8831022200,TRUE
Myoxocephalus scorpius,8831022207,FALSE
Triglops,8831023800,FALSE
Triglops murrayi,8831023807,FALSE
Taurulus,8831024600,FALSE
Taurulus bubalis,8831024601,FALSE
Taurulus liljeborgi,8831024602,FALSE
Agonidae,8831080000,FALSE
Agonus,8831080800,FALSE
Agonus cataphractus,8831080803,FALSE
Cyclopteridae,8831090000,FALSE
Liparis,8831090800,FALSE
Liparis liparis,8831090828,FALSE
Liparis montagui,8831090860,FALSE
Cyclopterus,8831091500,FALSE
Cyclopterus lumpus,8831091501,FALSE
Percoidei,8835000000,FALSE
Serranidae,8835020000,FALSE
Polyprion,8835022800,FALSE
Polyprion americanus,8835022801,FALSE
Carangidae,8835280000,FALSE
Trachurus,8835280100,FALSE
Trachurus trachurus,8835280103,FALSE
Sparidae,8835430000,FALSE
Pagellus,8835430800,FALSE
Pagellus bogaraneo,8835430801,FALSE
Pagellus erythrinus,8835430804,FALSE
Boops,8835430900,FALSE
Boops boops,8835430901,FALSE
Sparus,8835431100,FALSE
Sparus aurata,8835431101,FALSE
Spondyliosoma,8835431200,FALSE
Spondyliosoma cantharus,8835431201,FALSE
Sciaenidae,8835440000,FALSE
Argyrosomus,8835442700,FALSE
Argyrosomus regium,8835442701,FALSE
Mullidae,8835450000,FALSE
Mullus,8835450200,FALSE
Mullus surmuletus,8835450202,FALSE
Bramidae,8835710000,FALSE
Brama,8835710100,FALSE
Brama brama,8835710102,FALSE
Dicentrarchus,8835720100,FALSE
Dicentrarchus labrax,8835720101,FALSE
Mugiloidei,8836000000,FALSE
Mugilidae,8836010000,FALSE
Crenimugil,8836010700,FALSE
Crenimugil labrosus,8836010704,FALSE
Liza,8836010900,FALSE
Liza ramada,8836010901,FALSE
Liza auratus,8836010902,FALSE
Labroidei,8839000000,FALSE
Labridae,8839010000,FALSE
Crenilabrus,8839013300,FALSE
Crenilabrus melops,8839013301,FALSE
Centrolabrus,8839013400,FALSE
Ctenolabrus,8839013500,FALSE
Ctenolabrus rupestris,8839013501,FALSE
Labrus,8839013600,FALSE
Labrus bergylta,8839013603,FALSE
Labrus mixtus,8839013605,FALSE
Centrolabrus exoletus,8839014401,FALSE
Trachinoidei,8840000000,FALSE
Trachinidae,8840060000,FALSE
Trachinus,8840060100,FALSE
Trachinus vipera,8840060101,FALSE
Trachinus draco,8840060102,FALSE
Blennoidei,8842000000,FALSE
Blenniidae,8842010000,FALSE
Blennius,8842010100,FALSE
Blennius ocellaris,8842010104,FALSE
Blennius gattorugine,8842010110,FALSE
Blennius pholis,8842010115,FALSE
Anarhichadidae,8842020000,FALSE
Anarhichas,8842020100,FALSE
Anarhichas lupus,8842020103,FALSE
Anarhichas minor,8842020104,FALSE
Stichaeidae,8842120000,FALSE
Chirolophis,8842120500,FALSE
Chirolophis ascanii,8842120505,FALSE
Lumpenus,8842120900,FALSE
Lumpenus lampretaeformis,8842120905,FALSE
Leptoclinus,8842121800,FALSE
Leptoclinus maculatus,8842121801,FALSE
Pholidae,8842130000,FALSE
Pholis,8842130200,FALSE
Pholis gunnellus,8842130209,FALSE
Ammodytoidei,8845000000,FALSE
Ammodytidae,8845010000,FALSE
Ammodytes,8845010100,FALSE
Ammodytes tobianus,8845010105,FALSE
Ammodytes marinus,8845010106,FALSE
Gymnammod.,8845010200,FALSE
Gymnammod. Semisquamatus,8845010201,FALSE
Hyperoplus,8845010300,FALSE
Hyperoplus lanceolatus,8845010301,FALSE
Hyperoplus immaculatus,8845010302,FALSE
Callionymoidei,8846000000,FALSE
Callionymidae,8846010000,FALSE
Callionymus,8846010100,FALSE
Callionymus lyra,8846010106,FALSE
Callionymus maculatus,8846010107,FALSE
Callionymus reticulatus,8846010120,FALSE
Gobioidei,8847000000,FALSE
Gobiidae,8847010000,FALSE
Gobius,8847011300,FALSE
Gobius niger,8847011316,FALSE
Gobius paganellus,8847011320,FALSE
Crystallogobius,8847014900,FALSE
Crystallogobius linearis,8847014901,FALSE
Chaparrudo,8847015000,FALSE
Chaparrudo flavescens,8847015001,FALSE
Pomatoschistus,8847015100,FALSE
Pomatoschistus minutus,8847015101,FALSE
Pomatoschistus pictus,8847015102,FALSE
Pomatoschistus microps,8847015103,FALSE
Pomatoschistus norvegicus,8847015104,FALSE
Lebetus,8847016500,FALSE
Lebetus orca,8847016501,FALSE
Aphia,8847016600,FALSE
Aphia minuta,8847016601,FALSE
Lesueurigobius,8847016700,FALSE
Lesueurigobius friesii,8847016702,FALSE
Scombroidei,8850000000,FALSE
Scombridae,8850030000,FALSE
Sarda,8850030200,FALSE
Sarda sarda,8850030202,FALSE
Scomber,8850030300,FALSE
Scomber colias,8850030301,FALSE
Scomber scombrus,8850030302,FALSE
Thunnus,8850030400,FALSE
Thunnus thynnus,8850030402,FALSE
Stromateoidei,8851000000,FALSE
Centrolophidae,8851010000,FALSE
Centrolophus,8851010300,FALSE
Centrolophus niger,8851010301,FALSE
Pleuronectoidei,8855000000,FALSE
Pleuronectoidei,8856000000,TRUE
Pleuronectoidei,8857000000,TRUE
Bothidae,8857030000,FALSE
Scophthalmus,8857030400,FALSE
Scophthalmus maximus,8857030402,FALSE
Scophthalmus rhombus,8857030403,FALSE
Arnoglossus,8857031700,FALSE
Arnoglossus laterna,8857031702,FALSE
Arnoglossus imperialis,8857031703,FALSE
Arnoglossus thori,8857031706,FALSE
Zeugopterus,8857032100,FALSE
Zeugopterus punctatus,8857032101,FALSE
Phrynorhombus,8857032200,FALSE
Phrynorhombus norvegicus,8857032201,FALSE
Phrynorhombus regius,8857032202,FALSE
Lepidorh.,8857032300,FALSE
Lepidorh. Whiffiagonis,8857032302,FALSE
Pleuronectidae,8857040000,FALSE
Glyptoceph.,8857040500,FALSE
Glyptoceph. Cynoglossus,8857040502,FALSE
Hippogloss.,8857040600,FALSE
Hippogloss. Platessoides,8857040603,FALSE
Limanda,8857040900,FALSE
Limanda limanda,8857040904,FALSE
Microstomus,8857041200,FALSE
Microstomus kitt,8857041202,FALSE
Platichthys,8857041400,FALSE
Platichthys flesus,8857041402,FALSE
Pleuronectes,8857041500,FALSE
Pleuronectes platessa,8857041502,FALSE
Reinhardtius,8857041800,FALSE
Reinhardtius hippogloss.,8857041801,FALSE
Hippoglossus,8857041900,FALSE
Hippoglossus hippoglossus,8857041902,FALSE
Non com. Pleuronectidae,8857049999,FALSE
Soleoidei,8858000000,FALSE
Soleidae,8858010000,FALSE
Solea,8858010600,FALSE
Solea solea,8858010601,FALSE
Solea lascaris,8858010610,FALSE
Buglossidium,8858010800,FALSE
Buglossidium luteum,8858010801,FALSE
Microchirus,8858010900,FALSE
Microchirus variegatus,8858010903,FALSE
Non com. Soleidae,8858019999,FALSE
Balistoidei,8860000000,FALSE
Balistidae,8860020000,FALSE
Balistes,8860020200,FALSE
Balistes carolinensis,8860020205,FALSE
Tetradontoidei,8861000000,FALSE
Molidae,8861040000,FALSE
Mola,8861040100,FALSE
Mola mola,8861040101,FALSE
Aviformes,9100000000,FALSE
Harbour porpoise,9218021801,FALSE
Grey seal,9221030201,FALSE
Unknown,9900000000,FALSE
Unknown,9990000000,TRUE
Unknown,9999000000,TRUE
Unknown,9999900000,TRUE
Unknown,9999990000,TRUE
Unknown,9999999000,TRUE
Unknown,9999999900,TRUE
Unknown,9999999990,TRUE
Unknown,9999999999,TRUE
(Missing),0,TRUE
